name,sector,city,phone,website,rating,guess_email
GreatFlorida Insurance: Cheryl Miller,Insurance Agency,Wellington,(561) 793-7999,https://wellington.greatflorida.com/?utm_source=google&utm_medium=organic&utm_campaign=gbp-listing&utm_content=126,4.9,info@wellington.greatflorida.com
"Brightway Insurance, The Bill Thomas Agency",Insurance Agency,Wellington,(561) 331-6652,http://www.brightway.com/agencies/FL/Wellington-WestPalmBeach/0262,5,info@brightway.com
Kyle Bradshaw: Allstate Insurance,Insurance Agency,Wellington,(561) 333-7200,https://agents.allstate.com/kyle-bradshaw-wellington-fl.html?utm_source=GMB&utm_medium=Website,4.7,info@agents.allstate.com
Didi Burton - State Farm Insurance Agent,Insurance Agency,Wellington,(561) 333-6771,https://www.didiburton.com/?cmpid=LOZH_blm_0001,4.7,info@didiburton.com
Ken Magaro - State Farm Insurance Agent,Insurance Agency,Wellington,(561) 968-6522,https://www.kenmagaro.com/?cmpid=MLLIST,4.9,info@kenmagaro.com
Todd Miller: Allstate Insurance,Insurance Agency,Wellington,(561) 790-0558,https://agents.allstate.com/todd-miller-wellington-fl.html?utm_source=GMB&utm_medium=Website,4.8,info@agents.allstate.com
Bridget Hinckley: Allstate Insurance,Insurance Agency,Wellington,(561) 416-5453,https://agents.allstate.com/bridget-hinckley-wellington-fl.html?utm_source=GMB&utm_medium=Website,4.9,info@agents.allstate.com
Tony Garcia - State Farm Insurance Agent,Insurance Agency,Wellington,(561) 793-9822,https://www.tonygarciainsurance.com/?cmpid=P2S1_blm_0001,4.2,info@tonygarciainsurance.com
First American Title Insurance Company,Insurance Agency,Wellington,(561) 793-9100,https://local.firstam.com/fl/offices/wellington?utm_source=gmb&utm_medium=organic-listings&utm_campaign=residential-local-search&y_source=1_MTIxMzI2ODItNzE1LWxvY2F0aW9uLndlYnNpdGU%3D,4.6,info@local.firstam.com
Robert Lapeter - State Farm Insurance Agent,Insurance Agency,Wellington,(561) 293-3927,https://www.robinsures.com/,5,info@robinsures.com
Daniel Tamargo - State Farm Insurance Agent,Insurance Agency,Wellington,(561) 619-9591,http://www.dantamargo.com/?cmpid=e7cl_blm_0001,4.7,info@dantamargo.com
Estrella Insurance,Insurance Agency,West Palm Beach,(561) 964-8686,https://agents.estrellainsurance.com/en-us/fl/westpalmbeach/140.html?utm_source=google&utm_medium=cpc,4.8,info@agents.estrellainsurance.com
Freeway Insurance,Insurance Agency,West Palm Beach,(561) 406-7017,https://locations.freeway.com/freeway-insurance-west-palm-beach-fl-33409?utm_medium=directory&utm_source=google&utm_campaign=FFWPB4_WestPalmBeach_FL,4.8,info@locations.freeway.com
David Dunham Insurance,Insurance Agency,West Palm Beach,(561) 694-0185,https://www.daviddunhamins.com/,4.7,info@daviddunhamins.com
LOI Insurance,Insurance Agency,Royal Palm Beach,(561) 600-1387,https://www.loiinsurance.com/,5,info@loiinsurance.com
World Insurance Associates LLC,Insurance Agency,West Palm Beach,(561) 471-8781,https://locations.worldinsurance.com/ample-insurance-b04ce746ff25?y_source=1_MjUxMjgyNTUtNzE1LWxvY2F0aW9uLndlYnNpdGU%3D,4.7,info@locations.worldinsurance.com
Direct Auto Insurance,Insurance Agency,West Palm Beach,(561) 615-8337,https://local.directauto.com/florida/west-palm-beach/2845-n-military-trl?y_source=1_MTU0NDkyODctNzE1LWxvY2F0aW9uLndlYnNpdGU%3D,4.5,info@local.directauto.com
"Brightway Insurance, West Palm Beach",Insurance Agency,West Palm Beach,(561) 649-8000,https://www.brightway.com/agencies/FL/West-Palm-Beach/0010,3.6,info@brightway.com
CMC Management,Property Management,Lake Worth Beach,(561) 641-1016,http://www.cmcmanagement.biz/,3.9,info@cmcmanagement.biz
"Sea Breeze Community Management Services, Inc",Property Management,Palm Beach Gardens,(561) 626-0917,https://home.seabreezecms.com/login,4.3,info@home.seabreezecms.com
